INDEX,IMEI w CheckSum,NOTE,BT,WIFI,MSN,PVK FILENAME,FSN,Network Code,RSA Key,SIM Lock,Original IMEI,CheckSum
0001,358290053788746,EVT,1CE1921B282B,1CE1921C282B,GLA2F00001000,PVK_File_Not_Used.bin,C09616944429B8792B87FE6EFB88595E,03785202,Hardcode_RSA,SIML_PRJNF80_GNVRv1.000_PRJMGF80B1A_SECU0.xml,35829005378874,6
0002,358290053788753,EVT,1CE1921B282C,1CE1921C282C,GLA2F00002000,PVK_File_Not_Used.bin,C09616944429B8792B87FE6EFB88595E,03785202,Hardcode_RSA,SIML_PRJNF80_GNVRv1.000_PRJMGF80B1A_SECU0.xml,35829005378875,3
0003,358290053788761,EVT,1CE1921B282D,1CE1921C282D,GLA2F00003000,PVK_File_Not_Used.bin,C09616944429B8792B87FE6EFB88595E,03785202,Hardcode_RSA,SIML_PRJNF80_GNVRv1.000_PRJMGF80B1A_SECU0.xml,35829005378876,1
0004,358290053788779,EVT,1CE1921B282E,1CE1921C282E,GLA2F00004000,PVK_File_Not_Used.bin,C09616944429B8792B87FE6EFB88595E,03785202,Hardcode_RSA,SIML_PRJNF80_GNVRv1.000_PRJMGF80B1A_SECU0.xml,35829005378877,9
0005,358290053788787,EVT,1CE1921B282F,1CE1921C282F,GLA2F00005000,PVK_File_Not_Used.bin,C09616944429B8792B87FE6EFB88595E,03785202,Hardcode_RSA,SIML_PRJNF80_GNVRv1.000_PRJMGF80B1A_SECU0.xml,35829005378878,7
0006,358290053788795,EVT,1CE1921B2830,1CE1921C2830,GLA2F00006000,PVK_File_Not_Used.bin,C09616944429B8792B87FE6EFB88595E,03785202,Hardcode_RSA,SIML_PRJNF80_GNVRv1.000_PRJMGF80B1A_SECU0.xml,35829005378879,5
0007,358290053788803,EVT,1CE1921B2831,1CE1921C2831,GLA2F00007000,PVK_File_Not_Used.bin,C09616944429B8792B87FE6EFB88595E,03785202,Hardcode_RSA,SIML_PRJNF80_GNVRv1.000_PRJMGF80B1A_SECU0.xml,35829005378880,3
0008,358290053788811,EVT,1CE1921B2832,1CE1921C2832,GLA2F00008000,PVK_File_Not_Used.bin,C09616944429B8792B87FE6EFB88595E,03785202,Hardcode_RSA,SIML_PRJNF80_GNVRv1.000_PRJMGF80B1A_SECU0.xml,35829005378881,1
0009,358290053788829,EVT,1CE1921B2833,1CE1921C2833,GLA2F00009000,PVK_File_Not_Used.bin,C09616944429B8792B87FE6EFB88595E,03785202,Hardcode_RSA,SIML_PRJNF80_GNVRv1.000_PRJMGF80B1A_SECU0.xml,35829005378882,9
0010,358290053788837,EVT,1CE1921B2834,1CE1921C2834,GLA2F00010000,PVK_File_Not_Used.bin,C09616944429B8792B87FE6EFB88595E,03785202,Hardcode_RSA,SIML_PRJNF80_GNVRv1.000_PRJMGF80B1A_SECU0.xml,35829005378883,7
0011,358290053788845,EVT,1CE1921B2835,1CE1921C2835,GLA2F00011000,PVK_File_Not_Used.bin,C09616944429B8792B87FE6EFB88595E,03785202,Hardcode_RSA,SIML_PRJNF80_GNVRv1.000_PRJMGF80B1A_SECU0.xml,35829005378884,5
0012,358290053788852,EVT,1CE1921B2836,1CE1921C2836,GLA2F00012000,PVK_File_Not_Used.bin,C09616944429B8792B87FE6EFB88595E,03785202,Hardcode_RSA,SIML_PRJNF80_GNVRv1.000_PRJMGF80B1A_SECU0.xml,35829005378885,2
0013,358290053788860,EVT,1CE1921B2837,1CE1921C2837,GLA2F00013000,PVK_File_Not_Used.bin,C09616944429B8792B87FE6EFB88595E,03785202,Hardcode_RSA,SIML_PRJNF80_GNVRv1.000_PRJMGF80B1A_SECU0.xml,35829005378886,0
0014,358290053788878,EVT,1CE1921B2838,1CE1921C2838,GLA2F00014000,PVK_File_Not_Used.bin,C09616944429B8792B87FE6EFB88595E,03785202,Hardcode_RSA,SIML_PRJNF80_GNVRv1.000_PRJMGF80B1A_SECU0.xml,35829005378887,8
0015,358290053788886,EVT,1CE1921B2839,1CE1921C2839,GLA2F00015000,PVK_File_Not_Used.bin,C09616944429B8792B87FE6EFB88595E,03785202,Hardcode_RSA,SIML_PRJNF80_GNVRv1.000_PRJMGF80B1A_SECU0.xml,35829005378888,6
0016,358290053788894,EVT,1CE1921B283A,1CE1921C283A,GLA2F00016000,PVK_File_Not_Used.bin,C09616944429B8792B87FE6EFB88595E,03785202,Hardcode_RSA,SIML_PRJNF80_GNVRv1.000_PRJMGF80B1A_SECU0.xml,35829005378889,4
0017,358290053788902,EVT,1CE1921B283B,1CE1921C283B,GLA2F00017000,PVK_File_Not_Used.bin,C09616944429B8792B87FE6EFB88595E,03785202,Hardcode_RSA,SIML_PRJNF80_GNVRv1.000_PRJMGF80B1A_SECU0.xml,35829005378890,2
0018,358290053788910,EVT,1CE1921B283C,1CE1921C283C,GLA2F00018000,PVK_File_Not_Used.bin,C09616944429B8792B87FE6EFB88595E,03785202,Hardcode_RSA,SIML_PRJNF80_GNVRv1.000_PRJMGF80B1A_SECU0.xml,35829005378891,0
0019,358290053788928,EVT,1CE1921B283D,1CE1921C283D,GLA2F00019000,PVK_File_Not_Used.bin,C09616944429B8792B87FE6EFB88595E,03785202,Hardcode_RSA,SIML_PRJNF80_GNVRv1.000_PRJMGF80B1A_SECU0.xml,35829005378892,8
0020,358290053788936,EVT,1CE1921B283E,1CE1921C283E,GLA2F00020000,PVK_File_Not_Used.bin,C09616944429B8792B87FE6EFB88595E,03785202,Hardcode_RSA,SIML_PRJNF80_GNVRv1.000_PRJMGF80B1A_SECU0.xml,35829005378893,6
0021,358290053788944,EVT,1CE1921B283F,1CE1921C283F,GLA2F00021000,PVK_File_Not_Used.bin,C09616944429B8792B87FE6EFB88595E,03785202,Hardcode_RSA,SIML_PRJNF80_GNVRv1.000_PRJMGF80B1A_SECU0.xml,35829005378894,4
0022,358290053788951,EVT,1CE1921B2840,1CE1921C2840,GLA2F00022000,PVK_File_Not_Used.bin,C09616944429B8792B87FE6EFB88595E,03785202,Hardcode_RSA,SIML_PRJNF80_GNVRv1.000_PRJMGF80B1A_SECU0.xml,35829005378895,1
0023,358290053788969,EVT,1CE1921B2841,1CE1921C2841,GLA2F00023000,PVK_File_Not_Used.bin,C09616944429B8792B87FE6EFB88595E,03785202,Hardcode_RSA,SIML_PRJNF80_GNVRv1.000_PRJMGF80B1A_SECU0.xml,35829005378896,9
0024,358290053788977,EVT,1CE1921B2842,1CE1921C2842,GLA2F00024000,PVK_File_Not_Used.bin,C09616944429B8792B87FE6EFB88595E,03785202,Hardcode_RSA,SIML_PRJNF80_GNVRv1.000_PRJMGF80B1A_SECU0.xml,35829005378897,7
0025,358290053788985,EVT,1CE1921B2843,1CE1921C2843,GLA2F00025000,PVK_File_Not_Used.bin,C09616944429B8792B87FE6EFB88595E,03785202,Hardcode_RSA,SIML_PRJNF80_GNVRv1.000_PRJMGF80B1A_SECU0.xml,35829005378898,5
0026,358290053788993,EVT,1CE1921B2844,1CE1921C2844,GLA2F00026000,PVK_File_Not_Used.bin,C09616944429B8792B87FE6EFB88595E,03785202,Hardcode_RSA,SIML_PRJNF80_GNVRv1.000_PRJMGF80B1A_SECU0.xml,35829005378899,3
0027,358290053789009,EVT,1CE1921B2845,1CE1921C2845,GLA2F00027000,PVK_File_Not_Used.bin,C09616944429B8792B87FE6EFB88595E,03785202,Hardcode_RSA,SIML_PRJNF80_GNVRv1.000_PRJMGF80B1A_SECU0.xml,35829005378900,9
0028,358290053789017,EVT,1CE1921B2846,1CE1921C2846,GLA2F00028000,PVK_File_Not_Used.bin,C09616944429B8792B87FE6EFB88595E,03785202,Hardcode_RSA,SIML_PRJNF80_GNVRv1.000_PRJMGF80B1A_SECU0.xml,35829005378901,7
0029,358290053789025,EVT,1CE1921B2847,1CE1921C2847,GLA2F00029000,PVK_File_Not_Used.bin,C09616944429B8792B87FE6EFB88595E,03785202,Hardcode_RSA,SIML_PRJNF80_GNVRv1.000_PRJMGF80B1A_SECU0.xml,35829005378902,5
0030,358290053789033,EVT,1CE1921B2848,1CE1921C2848,GLA2F00030000,PVK_File_Not_Used.bin,C09616944429B8792B87FE6EFB88595E,03785202,Hardcode_RSA,SIML_PRJNF80_GNVRv1.000_PRJMGF80B1A_SECU0.xml,35829005378903,3
0031,358290053789041,EVT,1CE1921B2849,1CE1921C2849,GLA2F00031000,PVK_File_Not_Used.bin,C09616944429B8792B87FE6EFB88595E,03785202,Hardcode_RSA,SIML_PRJNF80_GNVRv1.000_PRJMGF80B1A_SECU0.xml,35829005378904,1
0032,358290053789058,EVT,1CE1921B284A,1CE1921C284A,GLA2F00032000,PVK_File_Not_Used.bin,C09616944429B8792B87FE6EFB88595E,03785202,Hardcode_RSA,SIML_PRJNF80_GNVRv1.000_PRJMGF80B1A_SECU0.xml,35829005378905,8
0033,358290053789066,EVT,1CE1921B284B,1CE1921C284B,GLA2F00033000,PVK_File_Not_Used.bin,C09616944429B8792B87FE6EFB88595E,03785202,Hardcode_RSA,SIML_PRJNF80_GNVRv1.000_PRJMGF80B1A_SECU0.xml,35829005378906,6
0034,358290053789074,EVT,1CE1921B284C,1CE1921C284C,GLA2F00034000,PVK_File_Not_Used.bin,C09616944429B8792B87FE6EFB88595E,03785202,Hardcode_RSA,SIML_PRJNF80_GNVRv1.000_PRJMGF80B1A_SECU0.xml,35829005378907,4
0035,358290053789082,EVT,1CE1921B284D,1CE1921C284D,GLA2F00035000,PVK_File_Not_Used.bin,C09616944429B8792B87FE6EFB88595E,03785202,Hardcode_RSA,SIML_PRJNF80_GNVRv1.000_PRJMGF80B1A_SECU0.xml,35829005378908,2
0036,358290053789090,EVT,1CE1921B284E,1CE1921C284E,GLA2F00036000,PVK_File_Not_Used.bin,C09616944429B8792B87FE6EFB88595E,03785202,Hardcode_RSA,SIML_PRJNF80_GNVRv1.000_PRJMGF80B1A_SECU0.xml,35829005378909,0
0037,358290053789108,EVT,1CE1921B284F,1CE1921C284F,GLA2F00037000,PVK_File_Not_Used.bin,C09616944429B8792B87FE6EFB88595E,03785202,Hardcode_RSA,SIML_PRJNF80_GNVRv1.000_PRJMGF80B1A_SECU0.xml,35829005378910,8
0038,358290053789116,EVT,1CE1921B2850,1CE1921C2850,GLA2F00038000,PVK_File_Not_Used.bin,C09616944429B8792B87FE6EFB88595E,03785202,Hardcode_RSA,SIML_PRJNF80_GNVRv1.000_PRJMGF80B1A_SECU0.xml,35829005378911,6
0039,358290053789124,EVT,1CE1921B2851,1CE1921C2851,GLA2F00039000,PVK_File_Not_Used.bin,C09616944429B8792B87FE6EFB88595E,03785202,Hardcode_RSA,SIML_PRJNF80_GNVRv1.000_PRJMGF80B1A_SECU0.xml,35829005378912,4
0040,358290053789132,EVT,1CE1921B2852,1CE1921C2852,GLA2F00040000,PVK_File_Not_Used.bin,C09616944429B8792B87FE6EFB88595E,03785202,Hardcode_RSA,SIML_PRJNF80_GNVRv1.000_PRJMGF80B1A_SECU0.xml,35829005378913,2
0041,358290053789140,EVT,1CE1921B2853,1CE1921C2853,GLA2F00041000,PVK_File_Not_Used.bin,C09616944429B8792B87FE6EFB88595E,03785202,Hardcode_RSA,SIML_PRJNF80_GNVRv1.000_PRJMGF80B1A_SECU0.xml,35829005378914,0
0042,358290053789157,EVT,1CE1921B2854,1CE1921C2854,GLA2F00042000,PVK_File_Not_Used.bin,C09616944429B8792B87FE6EFB88595E,03785202,Hardcode_RSA,SIML_PRJNF80_GNVRv1.000_PRJMGF80B1A_SECU0.xml,35829005378915,7
0043,358290053789165,EVT,1CE1921B2855,1CE1921C2855,GLA2F00043000,PVK_File_Not_Used.bin,C09616944429B8792B87FE6EFB88595E,03785202,Hardcode_RSA,SIML_PRJNF80_GNVRv1.000_PRJMGF80B1A_SECU0.xml,35829005378916,5
0044,358290053789173,EVT,1CE1921B2856,1CE1921C2856,GLA2F00044000,PVK_File_Not_Used.bin,C09616944429B8792B87FE6EFB88595E,03785202,Hardcode_RSA,SIML_PRJNF80_GNVRv1.000_PRJMGF80B1A_SECU0.xml,35829005378917,3
0045,358290053789181,EVT,1CE1921B2857,1CE1921C2857,GLA2F00045000,PVK_File_Not_Used.bin,C09616944429B8792B87FE6EFB88595E,03785202,Hardcode_RSA,SIML_PRJNF80_GNVRv1.000_PRJMGF80B1A_SECU0.xml,35829005378918,1
0046,358290053789199,EVT,1CE1921B2858,1CE1921C2858,GLA2F00046000,PVK_File_Not_Used.bin,C09616944429B8792B87FE6EFB88595E,03785202,Hardcode_RSA,SIML_PRJNF80_GNVRv1.000_PRJMGF80B1A_SECU0.xml,35829005378919,9
0047,358290053789207,EVT,1CE1921B2859,1CE1921C2859,GLA2F00047000,PVK_File_Not_Used.bin,C09616944429B8792B87FE6EFB88595E,03785202,Hardcode_RSA,SIML_PRJNF80_GNVRv1.000_PRJMGF80B1A_SECU0.xml,35829005378920,7
0048,358290053789215,EVT,1CE1921B285A,1CE1921C285A,GLA2F00048000,PVK_File_Not_Used.bin,C09616944429B8792B87FE6EFB88595E,03785202,Hardcode_RSA,SIML_PRJNF80_GNVRv1.000_PRJMGF80B1A_SECU0.xml,35829005378921,5
0049,358290053789223,EVT,1CE1921B285B,1CE1921C285B,GLA2F00049000,PVK_File_Not_Used.bin,C09616944429B8792B87FE6EFB88595E,03785202,Hardcode_RSA,SIML_PRJNF80_GNVRv1.000_PRJMGF80B1A_SECU0.xml,35829005378922,3
0050,358290053789231,EVT,1CE1921B285C,1CE1921C285C,GLA2F00050000,PVK_File_Not_Used.bin,C09616944429B8792B87FE6EFB88595E,03785202,Hardcode_RSA,SIML_PRJNF80_GNVRv1.000_PRJMGF80B1A_SECU0.xml,35829005378923,1
0051,358290053789249,EVT,1CE1921B285D,1CE1921C285D,GLA2F00051000,PVK_File_Not_Used.bin,C09616944429B8792B87FE6EFB88595E,03785202,Hardcode_RSA,SIML_PRJNF80_GNVRv1.000_PRJMGF80B1A_SECU0.xml,35829005378924,9
0052,358290053789256,EVT,1CE1921B285E,1CE1921C285E,GLA2F00052000,PVK_File_Not_Used.bin,C09616944429B8792B87FE6EFB88595E,03785202,Hardcode_RSA,SIML_PRJNF80_GNVRv1.000_PRJMGF80B1A_SECU0.xml,35829005378925,6
0053,358290053789264,EVT,1CE1921B285F,1CE1921C285F,GLA2F00053000,PVK_File_Not_Used.bin,C09616944429B8792B87FE6EFB88595E,03785202,Hardcode_RSA,SIML_PRJNF80_GNVRv1.000_PRJMGF80B1A_SECU0.xml,35829005378926,4
0054,358290053789272,EVT,1CE1921B2860,1CE1921C2860,GLA2F00054000,PVK_File_Not_Used.bin,C09616944429B8792B87FE6EFB88595E,03785202,Hardcode_RSA,SIML_PRJNF80_GNVRv1.000_PRJMGF80B1A_SECU0.xml,35829005378927,2
0055,358290053789280,EVT,1CE1921B2861,1CE1921C2861,GLA2F00055000,PVK_File_Not_Used.bin,C09616944429B8792B87FE6EFB88595E,03785202,Hardcode_RSA,SIML_PRJNF80_GNVRv1.000_PRJMGF80B1A_SECU0.xml,35829005378928,0
0056,358290053789298,EVT,1CE1921B2862,1CE1921C2862,GLA2F00056000,PVK_File_Not_Used.bin,C09616944429B8792B87FE6EFB88595E,03785202,Hardcode_RSA,SIML_PRJNF80_GNVRv1.000_PRJMGF80B1A_SECU0.xml,35829005378929,8
0057,358290053789306,EVT,1CE1921B2863,1CE1921C2863,GLA2F00057000,PVK_File_Not_Used.bin,C09616944429B8792B87FE6EFB88595E,03785202,Hardcode_RSA,SIML_PRJNF80_GNVRv1.000_PRJMGF80B1A_SECU0.xml,35829005378930,6
0058,358290053789314,EVT,1CE1921B2864,1CE1921C2864,GLA2F00058000,PVK_File_Not_Used.bin,C09616944429B8792B87FE6EFB88595E,03785202,Hardcode_RSA,SIML_PRJNF80_GNVRv1.000_PRJMGF80B1A_SECU0.xml,35829005378931,4
0059,358290053789322,EVT,1CE1921B2865,1CE1921C2865,GLA2F00059000,PVK_File_Not_Used.bin,C09616944429B8792B87FE6EFB88595E,03785202,Hardcode_RSA,SIML_PRJNF80_GNVRv1.000_PRJMGF80B1A_SECU0.xml,35829005378932,2
0060,358290053789330,EVT,1CE1921B2866,1CE1921C2866,GLA2F00060000,PVK_File_Not_Used.bin,C09616944429B8792B87FE6EFB88595E,03785202,Hardcode_RSA,SIML_PRJNF80_GNVRv1.000_PRJMGF80B1A_SECU0.xml,35829005378933,0
0061,358290053789348,EVT,1CE1921B2867,1CE1921C2867,GLA2F00061000,PVK_File_Not_Used.bin,C09616944429B8792B87FE6EFB88595E,03785202,Hardcode_RSA,SIML_PRJNF80_GNVRv1.000_PRJMGF80B1A_SECU0.xml,35829005378934,8
0062,358290053789355,EVT,1CE1921B2868,1CE1921C2868,GLA2F00062000,PVK_File_Not_Used.bin,C09616944429B8792B87FE6EFB88595E,03785202,Hardcode_RSA,SIML_PRJNF80_GNVRv1.000_PRJMGF80B1A_SECU0.xml,35829005378935,5
0063,358290053789363,EVT,1CE1921B2869,1CE1921C2869,GLA2F00063000,PVK_File_Not_Used.bin,C09616944429B8792B87FE6EFB88595E,03785202,Hardcode_RSA,SIML_PRJNF80_GNVRv1.000_PRJMGF80B1A_SECU0.xml,35829005378936,3
0064,358290053789371,EVT,1CE1921B286A,1CE1921C286A,GLA2F00064000,PVK_File_Not_Used.bin,C09616944429B8792B87FE6EFB88595E,03785202,Hardcode_RSA,SIML_PRJNF80_GNVRv1.000_PRJMGF80B1A_SECU0.xml,35829005378937,1
0065,358290053789389,EVT,1CE1921B286B,1CE1921C286B,GLA2F00065000,PVK_File_Not_Used.bin,C09616944429B8792B87FE6EFB88595E,03785202,Hardcode_RSA,SIML_PRJNF80_GNVRv1.000_PRJMGF80B1A_SECU0.xml,35829005378938,9
0066,358290053789397,EVT,1CE1921B286C,1CE1921C286C,GLA2F00066000,PVK_File_Not_Used.bin,C09616944429B8792B87FE6EFB88595E,03785202,Hardcode_RSA,SIML_PRJNF80_GNVRv1.000_PRJMGF80B1A_SECU0.xml,35829005378939,7
0067,358290053789405,EVT,1CE1921B286D,1CE1921C286D,GLA2F00067000,PVK_File_Not_Used.bin,C09616944429B8792B87FE6EFB88595E,03785202,Hardcode_RSA,SIML_PRJNF80_GNVRv1.000_PRJMGF80B1A_SECU0.xml,35829005378940,5
0068,358290053789413,EVT,1CE1921B286E,1CE1921C286E,GLA2F00068000,PVK_File_Not_Used.bin,C09616944429B8792B87FE6EFB88595E,03785202,Hardcode_RSA,SIML_PRJNF80_GNVRv1.000_PRJMGF80B1A_SECU0.xml,35829005378941,3
0069,358290053789421,EVT,1CE1921B286F,1CE1921C286F,GLA2F00069000,PVK_File_Not_Used.bin,C09616944429B8792B87FE6EFB88595E,03785202,Hardcode_RSA,SIML_PRJNF80_GNVRv1.000_PRJMGF80B1A_SECU0.xml,35829005378942,1
0070,358290053789439,EVT,1CE1921B2870,1CE1921C2870,GLA2F00070000,PVK_File_Not_Used.bin,C09616944429B8792B87FE6EFB88595E,03785202,Hardcode_RSA,SIML_PRJNF80_GNVRv1.000_PRJMGF80B1A_SECU0.xml,35829005378943,9
0071,358290053789447,EVT,1CE1921B2871,1CE1921C2871,GLA2F00071000,PVK_File_Not_Used.bin,C09616944429B8792B87FE6EFB88595E,03785202,Hardcode_RSA,SIML_PRJNF80_GNVRv1.000_PRJMGF80B1A_SECU0.xml,35829005378944,7
0072,358290053789454,EVT,1CE1921B2872,1CE1921C2872,GLA2F00072000,PVK_File_Not_Used.bin,C09616944429B8792B87FE6EFB88595E,03785202,Hardcode_RSA,SIML_PRJNF80_GNVRv1.000_PRJMGF80B1A_SECU0.xml,35829005378945,4
0073,358290053789462,EVT,1CE1921B2873,1CE1921C2873,GLA2F00073000,PVK_File_Not_Used.bin,C09616944429B8792B87FE6EFB88595E,03785202,Hardcode_RSA,SIML_PRJNF80_GNVRv1.000_PRJMGF80B1A_SECU0.xml,35829005378946,2
0074,358290053789470,EVT,1CE1921B2874,1CE1921C2874,GLA2F00074000,PVK_File_Not_Used.bin,C09616944429B8792B87FE6EFB88595E,03785202,Hardcode_RSA,SIML_PRJNF80_GNVRv1.000_PRJMGF80B1A_SECU0.xml,35829005378947,0
0075,358290053789488,EVT,1CE1921B2875,1CE1921C2875,GLA2F00075000,PVK_File_Not_Used.bin,C09616944429B8792B87FE6EFB88595E,03785202,Hardcode_RSA,SIML_PRJNF80_GNVRv1.000_PRJMGF80B1A_SECU0.xml,35829005378948,8
0076,358290053789496,EVT,1CE1921B2876,1CE1921C2876,GLA2F00076000,PVK_File_Not_Used.bin,C09616944429B8792B87FE6EFB88595E,03785202,Hardcode_RSA,SIML_PRJNF80_GNVRv1.000_PRJMGF80B1A_SECU0.xml,35829005378949,6
0077,358290053789504,EVT,1CE1921B2877,1CE1921C2877,GLA2F00077000,PVK_File_Not_Used.bin,C09616944429B8792B87FE6EFB88595E,03785202,Hardcode_RSA,SIML_PRJNF80_GNVRv1.000_PRJMGF80B1A_SECU0.xml,35829005378950,4
0078,358290053789512,EVT,1CE1921B2878,1CE1921C2878,GLA2F00078000,PVK_File_Not_Used.bin,C09616944429B8792B87FE6EFB88595E,03785202,Hardcode_RSA,SIML_PRJNF80_GNVRv1.000_PRJMGF80B1A_SECU0.xml,35829005378951,2
0079,358290053789520,EVT,1CE1921B2879,1CE1921C2879,GLA2F00079000,PVK_File_Not_Used.bin,C09616944429B8792B87FE6EFB88595E,03785202,Hardcode_RSA,SIML_PRJNF80_GNVRv1.000_PRJMGF80B1A_SECU0.xml,35829005378952,0
0080,358290053789538,EVT,1CE1921B287A,1CE1921C287A,GLA2F00080000,PVK_File_Not_Used.bin,C09616944429B8792B87FE6EFB88595E,03785202,Hardcode_RSA,SIML_PRJNF80_GNVRv1.000_PRJMGF80B1A_SECU0.xml,35829005378953,8
0081,358290053789546,EVT,1CE1921B287B,1CE1921C287B,GLA2F00081000,PVK_File_Not_Used.bin,C09616944429B8792B87FE6EFB88595E,03785202,Hardcode_RSA,SIML_PRJNF80_GNVRv1.000_PRJMGF80B1A_SECU0.xml,35829005378954,6
0082,358290053789553,EVT,1CE1921B287C,1CE1921C287C,GLA2F00082000,PVK_File_Not_Used.bin,C09616944429B8792B87FE6EFB88595E,03785202,Hardcode_RSA,SIML_PRJNF80_GNVRv1.000_PRJMGF80B1A_SECU0.xml,35829005378955,3
0083,358290053789561,EVT,1CE1921B287D,1CE1921C287D,GLA2F00083000,PVK_File_Not_Used.bin,C09616944429B8792B87FE6EFB88595E,03785202,Hardcode_RSA,SIML_PRJNF80_GNVRv1.000_PRJMGF80B1A_SECU0.xml,35829005378956,1
0084,358290053789579,EVT,1CE1921B287E,1CE1921C287E,GLA2F00084000,PVK_File_Not_Used.bin,C09616944429B8792B87FE6EFB88595E,03785202,Hardcode_RSA,SIML_PRJNF80_GNVRv1.000_PRJMGF80B1A_SECU0.xml,35829005378957,9
0085,358290053789587,EVT,1CE1921B287F,1CE1921C287F,GLA2F00085000,PVK_File_Not_Used.bin,C09616944429B8792B87FE6EFB88595E,03785202,Hardcode_RSA,SIML_PRJNF80_GNVRv1.000_PRJMGF80B1A_SECU0.xml,35829005378958,7
0086,358290053789595,EVT,1CE1921B2880,1CE1921C2880,GLA2F00086000,PVK_File_Not_Used.bin,C09616944429B8792B87FE6EFB88595E,03785202,Hardcode_RSA,SIML_PRJNF80_GNVRv1.000_PRJMGF80B1A_SECU0.xml,35829005378959,5
0087,358290053789603,EVT,1CE1921B2881,1CE1921C2881,GLA2F00087000,PVK_File_Not_Used.bin,C09616944429B8792B87FE6EFB88595E,03785202,Hardcode_RSA,SIML_PRJNF80_GNVRv1.000_PRJMGF80B1A_SECU0.xml,35829005378960,3
0088,358290053789611,EVT,1CE1921B2882,1CE1921C2882,GLA2F00088000,PVK_File_Not_Used.bin,C09616944429B8792B87FE6EFB88595E,03785202,Hardcode_RSA,SIML_PRJNF80_GNVRv1.000_PRJMGF80B1A_SECU0.xml,35829005378961,1
0089,358290053789629,EVT,1CE1921B2883,1CE1921C2883,GLA2F00089000,PVK_File_Not_Used.bin,C09616944429B8792B87FE6EFB88595E,03785202,Hardcode_RSA,SIML_PRJNF80_GNVRv1.000_PRJMGF80B1A_SECU0.xml,35829005378962,9
0090,358290053789637,EVT,1CE1921B2884,1CE1921C2884,GLA2F00090000,PVK_File_Not_Used.bin,C09616944429B8792B87FE6EFB88595E,03785202,Hardcode_RSA,SIML_PRJNF80_GNVRv1.000_PRJMGF80B1A_SECU0.xml,35829005378963,7
0091,358290053789645,EVT,1CE1921B2885,1CE1921C2885,GLA2F00091000,PVK_File_Not_Used.bin,C09616944429B8792B87FE6EFB88595E,03785202,Hardcode_RSA,SIML_PRJNF80_GNVRv1.000_PRJMGF80B1A_SECU0.xml,35829005378964,5
0092,358290053789652,EVT,1CE1921B2886,1CE1921C2886,GLA2F00092000,PVK_File_Not_Used.bin,C09616944429B8792B87FE6EFB88595E,03785202,Hardcode_RSA,SIML_PRJNF80_GNVRv1.000_PRJMGF80B1A_SECU0.xml,35829005378965,2
0093,358290053789660,EVT,1CE1921B2887,1CE1921C2887,GLA2F00093000,PVK_File_Not_Used.bin,C09616944429B8792B87FE6EFB88595E,03785202,Hardcode_RSA,SIML_PRJNF80_GNVRv1.000_PRJMGF80B1A_SECU0.xml,35829005378966,0
0094,358290053789678,EVT,1CE1921B2888,1CE1921C2888,GLA2F00094000,PVK_File_Not_Used.bin,C09616944429B8792B87FE6EFB88595E,03785202,Hardcode_RSA,SIML_PRJNF80_GNVRv1.000_PRJMGF80B1A_SECU0.xml,35829005378967,8
0095,358290053789686,EVT,1CE1921B2889,1CE1921C2889,GLA2F00095000,PVK_File_Not_Used.bin,C09616944429B8792B87FE6EFB88595E,03785202,Hardcode_RSA,SIML_PRJNF80_GNVRv1.000_PRJMGF80B1A_SECU0.xml,35829005378968,6
0096,358290053789694,EVT,1CE1921B288A,1CE1921C288A,GLA2F00096000,PVK_File_Not_Used.bin,C09616944429B8792B87FE6EFB88595E,03785202,Hardcode_RSA,SIML_PRJNF80_GNVRv1.000_PRJMGF80B1A_SECU0.xml,35829005378969,4
0097,358290053789702,EVT,1CE1921B288B,1CE1921C288B,GLA2F00097000,PVK_File_Not_Used.bin,C09616944429B8792B87FE6EFB88595E,03785202,Hardcode_RSA,SIML_PRJNF80_GNVRv1.000_PRJMGF80B1A_SECU0.xml,35829005378970,2
0098,358290053789710,EVT,1CE1921B288C,1CE1921C288C,GLA2F00098000,PVK_File_Not_Used.bin,C09616944429B8792B87FE6EFB88595E,03785202,Hardcode_RSA,SIML_PRJNF80_GNVRv1.000_PRJMGF80B1A_SECU0.xml,35829005378971,0
0099,358290053789728,EVT,1CE1921B288D,1CE1921C288D,GLA2F00099000,PVK_File_Not_Used.bin,C09616944429B8792B87FE6EFB88595E,03785202,Hardcode_RSA,SIML_PRJNF80_GNVRv1.000_PRJMGF80B1A_SECU0.xml,35829005378972,8
0100,358290053789736,EVT,1CE1921B288E,1CE1921C288E,GLA2F00100000,PVK_File_Not_Used.bin,C09616944429B8792B87FE6EFB88595E,03785202,Hardcode_RSA,SIML_PRJNF80_GNVRv1.000_PRJMGF80B1A_SECU0.xml,35829005378973,6
0101,358290053789744,EVT,1CE1921B288F,1CE1921C288F,GLA2F00101000,PVK_File_Not_Used.bin,C09616944429B8792B87FE6EFB88595E,03785202,Hardcode_RSA,SIML_PRJNF80_GNVRv1.000_PRJMGF80B1A_SECU0.xml,35829005378974,4
0102,358290053789751,EVT,1CE1921B2890,1CE1921C2890,GLA2F00102000,PVK_File_Not_Used.bin,C09616944429B8792B87FE6EFB88595E,03785202,Hardcode_RSA,SIML_PRJNF80_GNVRv1.000_PRJMGF80B1A_SECU0.xml,35829005378975,1
0103,358290053789769,EVT,1CE1921B2891,1CE1921C2891,GLA2F00103000,PVK_File_Not_Used.bin,C09616944429B8792B87FE6EFB88595E,03785202,Hardcode_RSA,SIML_PRJNF80_GNVRv1.000_PRJMGF80B1A_SECU0.xml,35829005378976,9
0104,358290053789777,EVT,1CE1921B2892,1CE1921C2892,GLA2F00104000,PVK_File_Not_Used.bin,C09616944429B8792B87FE6EFB88595E,03785202,Hardcode_RSA,SIML_PRJNF80_GNVRv1.000_PRJMGF80B1A_SECU0.xml,35829005378977,7
0105,358290053789785,EVT,1CE1921B2893,1CE1921C2893,GLA2F00105000,PVK_File_Not_Used.bin,C09616944429B8792B87FE6EFB88595E,03785202,Hardcode_RSA,SIML_PRJNF80_GNVRv1.000_PRJMGF80B1A_SECU0.xml,35829005378978,5
0106,358290053789793,EVT,1CE1921B2894,1CE1921C2894,GLA2F00106000,PVK_File_Not_Used.bin,C09616944429B8792B87FE6EFB88595E,03785202,Hardcode_RSA,SIML_PRJNF80_GNVRv1.000_PRJMGF80B1A_SECU0.xml,35829005378979,3
0107,358290053789801,EVT,1CE1921B2895,1CE1921C2895,GLA2F00107000,PVK_File_Not_Used.bin,C09616944429B8792B87FE6EFB88595E,03785202,Hardcode_RSA,SIML_PRJNF80_GNVRv1.000_PRJMGF80B1A_SECU0.xml,35829005378980,1
0108,358290053789819,EVT,1CE1921B2896,1CE1921C2896,GLA2F00108000,PVK_File_Not_Used.bin,C09616944429B8792B87FE6EFB88595E,03785202,Hardcode_RSA,SIML_PRJNF80_GNVRv1.000_PRJMGF80B1A_SECU0.xml,35829005378981,9
0109,358290053789827,EVT,1CE1921B2897,1CE1921C2897,GLA2F00109000,PVK_File_Not_Used.bin,C09616944429B8792B87FE6EFB88595E,03785202,Hardcode_RSA,SIML_PRJNF80_GNVRv1.000_PRJMGF80B1A_SECU0.xml,35829005378982,7
0110,358290053789835,EVT,1CE1921B2898,1CE1921C2898,GLA2F00110000,PVK_File_Not_Used.bin,C09616944429B8792B87FE6EFB88595E,03785202,Hardcode_RSA,SIML_PRJNF80_GNVRv1.000_PRJMGF80B1A_SECU0.xml,35829005378983,5
0111,358290053789843,EVT,1CE1921B2899,1CE1921C2899,GLA2F00111000,PVK_File_Not_Used.bin,C09616944429B8792B87FE6EFB88595E,03785202,Hardcode_RSA,SIML_PRJNF80_GNVRv1.000_PRJMGF80B1A_SECU0.xml,35829005378984,3
0112,358290053789850,EVT,1CE1921B289A,1CE1921C289A,GLA2F00112000,PVK_File_Not_Used.bin,C09616944429B8792B87FE6EFB88595E,03785202,Hardcode_RSA,SIML_PRJNF80_GNVRv1.000_PRJMGF80B1A_SECU0.xml,35829005378985,0
0113,358290053789868,EVT,1CE1921B289B,1CE1921C289B,GLA2F00113000,PVK_File_Not_Used.bin,C09616944429B8792B87FE6EFB88595E,03785202,Hardcode_RSA,SIML_PRJNF80_GNVRv1.000_PRJMGF80B1A_SECU0.xml,35829005378986,8
0114,358290053789876,EVT,1CE1921B289C,1CE1921C289C,GLA2F00114000,PVK_File_Not_Used.bin,C09616944429B8792B87FE6EFB88595E,03785202,Hardcode_RSA,SIML_PRJNF80_GNVRv1.000_PRJMGF80B1A_SECU0.xml,35829005378987,6
0115,358290053789884,EVT,1CE1921B289D,1CE1921C289D,GLA2F00115000,PVK_File_Not_Used.bin,C09616944429B8792B87FE6EFB88595E,03785202,Hardcode_RSA,SIML_PRJNF80_GNVRv1.000_PRJMGF80B1A_SECU0.xml,35829005378988,4
0116,358290053789892,EVT,1CE1921B289E,1CE1921C289E,GLA2F00116000,PVK_File_Not_Used.bin,C09616944429B8792B87FE6EFB88595E,03785202,Hardcode_RSA,SIML_PRJNF80_GNVRv1.000_PRJMGF80B1A_SECU0.xml,35829005378989,2
0117,358290053789900,EVT,1CE1921B289F,1CE1921C289F,GLA2F00117000,PVK_File_Not_Used.bin,C09616944429B8792B87FE6EFB88595E,03785202,Hardcode_RSA,SIML_PRJNF80_GNVRv1.000_PRJMGF80B1A_SECU0.xml,35829005378990,0
0118,358290053789918,EVT,1CE1921B28A0,1CE1921C28A0,GLA2F00118000,PVK_File_Not_Used.bin,C09616944429B8792B87FE6EFB88595E,03785202,Hardcode_RSA,SIML_PRJNF80_GNVRv1.000_PRJMGF80B1A_SECU0.xml,35829005378991,8
0119,358290053789926,EVT,1CE1921B28A1,1CE1921C28A1,GLA2F00119000,PVK_File_Not_Used.bin,C09616944429B8792B87FE6EFB88595E,03785202,Hardcode_RSA,SIML_PRJNF80_GNVRv1.000_PRJMGF80B1A_SECU0.xml,35829005378992,6
0120,358290053789934,EVT,1CE1921B28A2,1CE1921C28A2,GLA2F00120000,PVK_File_Not_Used.bin,C09616944429B8792B87FE6EFB88595E,03785202,Hardcode_RSA,SIML_PRJNF80_GNVRv1.000_PRJMGF80B1A_SECU0.xml,35829005378993,4
0121,358290053789942,EVT,1CE1921B28A3,1CE1921C28A3,GLA2F00121000,PVK_File_Not_Used.bin,C09616944429B8792B87FE6EFB88595E,03785202,Hardcode_RSA,SIML_PRJNF80_GNVRv1.000_PRJMGF80B1A_SECU0.xml,35829005378994,2
0122,358290053789959,EVT,1CE1921B28A4,1CE1921C28A4,GLA2F00122000,PVK_File_Not_Used.bin,C09616944429B8792B87FE6EFB88595E,03785202,Hardcode_RSA,SIML_PRJNF80_GNVRv1.000_PRJMGF80B1A_SECU0.xml,35829005378995,9
0123,358290053789967,EVT,1CE1921B28A5,1CE1921C28A5,GLA2F00123000,PVK_File_Not_Used.bin,C09616944429B8792B87FE6EFB88595E,03785202,Hardcode_RSA,SIML_PRJNF80_GNVRv1.000_PRJMGF80B1A_SECU0.xml,35829005378996,7
0124,358290053789975,EVT,1CE1921B28A6,1CE1921C28A6,GLA2F00124000,PVK_File_Not_Used.bin,C09616944429B8792B87FE6EFB88595E,03785202,Hardcode_RSA,SIML_PRJNF80_GNVRv1.000_PRJMGF80B1A_SECU0.xml,35829005378997,5
0125,358290053789983,EVT,1CE1921B28A7,1CE1921C28A7,GLA2F00125000,PVK_File_Not_Used.bin,C09616944429B8792B87FE6EFB88595E,03785202,Hardcode_RSA,SIML_PRJNF80_GNVRv1.000_PRJMGF80B1A_SECU0.xml,35829005378998,3
0126,358290053789991,EVT,1CE1921B28A8,1CE1921C28A8,GLA2F00126000,PVK_File_Not_Used.bin,C09616944429B8792B87FE6EFB88595E,03785202,Hardcode_RSA,SIML_PRJNF80_GNVRv1.000_PRJMGF80B1A_SECU0.xml,35829005378999,1
0127,358290053790007,EVT,1CE1921B28A9,1CE1921C28A9,GLA2F00127000,PVK_File_Not_Used.bin,C09616944429B8792B87FE6EFB88595E,03785202,Hardcode_RSA,SIML_PRJNF80_GNVRv1.000_PRJMGF80B1A_SECU0.xml,35829005379000,7
0128,358290053790015,EVT,1CE1921B28AA,1CE1921C28AA,GLA2F00128000,PVK_File_Not_Used.bin,C09616944429B8792B87FE6EFB88595E,03785202,Hardcode_RSA,SIML_PRJNF80_GNVRv1.000_PRJMGF80B1A_SECU0.xml,35829005379001,5
0129,358290053790023,EVT,1CE1921B28AB,1CE1921C28AB,GLA2F00129000,PVK_File_Not_Used.bin,C09616944429B8792B87FE6EFB88595E,03785202,Hardcode_RSA,SIML_PRJNF80_GNVRv1.000_PRJMGF80B1A_SECU0.xml,35829005379002,3
0130,358290053790031,EVT,1CE1921B28AC,1CE1921C28AC,GLA2F00130000,PVK_File_Not_Used.bin,C09616944429B8792B87FE6EFB88595E,03785202,Hardcode_RSA,SIML_PRJNF80_GNVRv1.000_PRJMGF80B1A_SECU0.xml,35829005379003,1
0131,358290053790049,EVT,1CE1921B28AD,1CE1921C28AD,GLA2F00131000,PVK_File_Not_Used.bin,C09616944429B8792B87FE6EFB88595E,03785202,Hardcode_RSA,SIML_PRJNF80_GNVRv1.000_PRJMGF80B1A_SECU0.xml,35829005379004,9
0132,358290053790056,EVT,1CE1921B28AE,1CE1921C28AE,GLA2F00132000,PVK_File_Not_Used.bin,C09616944429B8792B87FE6EFB88595E,03785202,Hardcode_RSA,SIML_PRJNF80_GNVRv1.000_PRJMGF80B1A_SECU0.xml,35829005379005,6
0133,358290053790064,EVT,1CE1921B28AF,1CE1921C28AF,GLA2F00133000,PVK_File_Not_Used.bin,C09616944429B8792B87FE6EFB88595E,03785202,Hardcode_RSA,SIML_PRJNF80_GNVRv1.000_PRJMGF80B1A_SECU0.xml,35829005379006,4
0134,358290053790072,EVT,1CE1921B28B0,1CE1921C28B0,GLA2F00134000,PVK_File_Not_Used.bin,C09616944429B8792B87FE6EFB88595E,03785202,Hardcode_RSA,SIML_PRJNF80_GNVRv1.000_PRJMGF80B1A_SECU0.xml,35829005379007,2
0135,358290053790080,EVT,1CE1921B28B1,1CE1921C28B1,GLA2F00135000,PVK_File_Not_Used.bin,C09616944429B8792B87FE6EFB88595E,03785202,Hardcode_RSA,SIML_PRJNF80_GNVRv1.000_PRJMGF80B1A_SECU0.xml,35829005379008,0
0136,358290053790098,EVT,1CE1921B28B2,1CE1921C28B2,GLA2F00136000,PVK_File_Not_Used.bin,C09616944429B8792B87FE6EFB88595E,03785202,Hardcode_RSA,SIML_PRJNF80_GNVRv1.000_PRJMGF80B1A_SECU0.xml,35829005379009,8
0137,358290053790106,EVT,1CE1921B28B3,1CE1921C28B3,GLA2F00137000,PVK_File_Not_Used.bin,C09616944429B8792B87FE6EFB88595E,03785202,Hardcode_RSA,SIML_PRJNF80_GNVRv1.000_PRJMGF80B1A_SECU0.xml,35829005379010,6
0138,358290053790114,EVT,1CE1921B28B4,1CE1921C28B4,GLA2F00138000,PVK_File_Not_Used.bin,C09616944429B8792B87FE6EFB88595E,03785202,Hardcode_RSA,SIML_PRJNF80_GNVRv1.000_PRJMGF80B1A_SECU0.xml,35829005379011,4
0139,358290053790122,EVT,1CE1921B28B5,1CE1921C28B5,GLA2F00139000,PVK_File_Not_Used.bin,C09616944429B8792B87FE6EFB88595E,03785202,Hardcode_RSA,SIML_PRJNF80_GNVRv1.000_PRJMGF80B1A_SECU0.xml,35829005379012,2
0140,358290053790130,EVT,1CE1921B28B6,1CE1921C28B6,GLA2F00140000,PVK_File_Not_Used.bin,C09616944429B8792B87FE6EFB88595E,03785202,Hardcode_RSA,SIML_PRJNF80_GNVRv1.000_PRJMGF80B1A_SECU0.xml,35829005379013,0
0141,358290053790148,EVT,1CE1921B28B7,1CE1921C28B7,GLA2F00141000,PVK_File_Not_Used.bin,C09616944429B8792B87FE6EFB88595E,03785202,Hardcode_RSA,SIML_PRJNF80_GNVRv1.000_PRJMGF80B1A_SECU0.xml,35829005379014,8
0142,358290053790155,EVT,1CE1921B28B8,1CE1921C28B8,GLA2F00142000,PVK_File_Not_Used.bin,C09616944429B8792B87FE6EFB88595E,03785202,Hardcode_RSA,SIML_PRJNF80_GNVRv1.000_PRJMGF80B1A_SECU0.xml,35829005379015,5
0143,358290053790163,EVT,1CE1921B28B9,1CE1921C28B9,GLA2F00143000,PVK_File_Not_Used.bin,C09616944429B8792B87FE6EFB88595E,03785202,Hardcode_RSA,SIML_PRJNF80_GNVRv1.000_PRJMGF80B1A_SECU0.xml,35829005379016,3
0144,358290053790171,EVT,1CE1921B28BA,1CE1921C28BA,GLA2F00144000,PVK_File_Not_Used.bin,C09616944429B8792B87FE6EFB88595E,03785202,Hardcode_RSA,SIML_PRJNF80_GNVRv1.000_PRJMGF80B1A_SECU0.xml,35829005379017,1
0145,358290053790189,EVT,1CE1921B28BB,1CE1921C28BB,GLA2F00145000,PVK_File_Not_Used.bin,C09616944429B8792B87FE6EFB88595E,03785202,Hardcode_RSA,SIML_PRJNF80_GNVRv1.000_PRJMGF80B1A_SECU0.xml,35829005379018,9
0146,358290053790197,EVT,1CE1921B28BC,1CE1921C28BC,GLA2F00146000,PVK_File_Not_Used.bin,C09616944429B8792B87FE6EFB88595E,03785202,Hardcode_RSA,SIML_PRJNF80_GNVRv1.000_PRJMGF80B1A_SECU0.xml,35829005379019,7
0147,358290053790205,EVT,1CE1921B28BD,1CE1921C28BD,GLA2F00147000,PVK_File_Not_Used.bin,C09616944429B8792B87FE6EFB88595E,03785202,Hardcode_RSA,SIML_PRJNF80_GNVRv1.000_PRJMGF80B1A_SECU0.xml,35829005379020,5
0148,358290053790213,EVT,1CE1921B28BE,1CE1921C28BE,GLA2F00148000,PVK_File_Not_Used.bin,C09616944429B8792B87FE6EFB88595E,03785202,Hardcode_RSA,SIML_PRJNF80_GNVRv1.000_PRJMGF80B1A_SECU0.xml,35829005379021,3
0149,358290053790221,EVT,1CE1921B28BF,1CE1921C28BF,GLA2F00149000,PVK_File_Not_Used.bin,C09616944429B8792B87FE6EFB88595E,03785202,Hardcode_RSA,SIML_PRJNF80_GNVRv1.000_PRJMGF80B1A_SECU0.xml,35829005379022,1
0150,358290053790239,EVT,1CE1921B28C0,1CE1921C28C0,GLA2F00150000,PVK_File_Not_Used.bin,C09616944429B8792B87FE6EFB88595E,03785202,Hardcode_RSA,SIML_PRJNF80_GNVRv1.000_PRJMGF80B1A_SECU0.xml,35829005379023,9
0151,358290053790247,EVT,1CE1921B28C1,1CE1921C28C1,GLA2F00151000,PVK_File_Not_Used.bin,C09616944429B8792B87FE6EFB88595E,03785202,Hardcode_RSA,SIML_PRJNF80_GNVRv1.000_PRJMGF80B1A_SECU0.xml,35829005379024,7
0152,358290053790254,EVT,1CE1921B28C2,1CE1921C28C2,GLA2F00152000,PVK_File_Not_Used.bin,C09616944429B8792B87FE6EFB88595E,03785202,Hardcode_RSA,SIML_PRJNF80_GNVRv1.000_PRJMGF80B1A_SECU0.xml,35829005379025,4
0153,358290053790262,EVT,1CE1921B28C3,1CE1921C28C3,GLA2F00153000,PVK_File_Not_Used.bin,C09616944429B8792B87FE6EFB88595E,03785202,Hardcode_RSA,SIML_PRJNF80_GNVRv1.000_PRJMGF80B1A_SECU0.xml,35829005379026,2
0154,358290053790270,EVT,1CE1921B28C4,1CE1921C28C4,GLA2F00154000,PVK_File_Not_Used.bin,C09616944429B8792B87FE6EFB88595E,03785202,Hardcode_RSA,SIML_PRJNF80_GNVRv1.000_PRJMGF80B1A_SECU0.xml,35829005379027,0
0155,358290053790288,EVT,1CE1921B28C5,1CE1921C28C5,GLA2F00155000,PVK_File_Not_Used.bin,C09616944429B8792B87FE6EFB88595E,03785202,Hardcode_RSA,SIML_PRJNF80_GNVRv1.000_PRJMGF80B1A_SECU0.xml,35829005379028,8
0156,358290053790296,EVT,1CE1921B28C6,1CE1921C28C6,GLA2F00156000,PVK_File_Not_Used.bin,C09616944429B8792B87FE6EFB88595E,03785202,Hardcode_RSA,SIML_PRJNF80_GNVRv1.000_PRJMGF80B1A_SECU0.xml,35829005379029,6
0157,358290053790304,EVT,1CE1921B28C7,1CE1921C28C7,GLA2F00157000,PVK_File_Not_Used.bin,C09616944429B8792B87FE6EFB88595E,03785202,Hardcode_RSA,SIML_PRJNF80_GNVRv1.000_PRJMGF80B1A_SECU0.xml,35829005379030,4
0158,358290053790312,EVT,1CE1921B28C8,1CE1921C28C8,GLA2F00158000,PVK_File_Not_Used.bin,C09616944429B8792B87FE6EFB88595E,03785202,Hardcode_RSA,SIML_PRJNF80_GNVRv1.000_PRJMGF80B1A_SECU0.xml,35829005379031,2
0159,358290053790320,EVT,1CE1921B28C9,1CE1921C28C9,GLA2F00159000,PVK_File_Not_Used.bin,C09616944429B8792B87FE6EFB88595E,03785202,Hardcode_RSA,SIML_PRJNF80_GNVRv1.000_PRJMGF80B1A_SECU0.xml,35829005379032,0
0160,358290053790338,EVT,1CE1921B28CA,1CE1921C28CA,GLA2F00160000,PVK_File_Not_Used.bin,C09616944429B8792B87FE6EFB88595E,03785202,Hardcode_RSA,SIML_PRJNF80_GNVRv1.000_PRJMGF80B1A_SECU0.xml,35829005379033,8
0161,358290053790346,EVT,1CE1921B28CB,1CE1921C28CB,GLA2F00161000,PVK_File_Not_Used.bin,C09616944429B8792B87FE6EFB88595E,03785202,Hardcode_RSA,SIML_PRJNF80_GNVRv1.000_PRJMGF80B1A_SECU0.xml,35829005379034,6
0162,358290053790353,EVT,1CE1921B28CC,1CE1921C28CC,GLA2F00162000,PVK_File_Not_Used.bin,C09616944429B8792B87FE6EFB88595E,03785202,Hardcode_RSA,SIML_PRJNF80_GNVRv1.000_PRJMGF80B1A_SECU0.xml,35829005379035,3
0163,358290053790361,EVT,1CE1921B28CD,1CE1921C28CD,GLA2F00163000,PVK_File_Not_Used.bin,C09616944429B8792B87FE6EFB88595E,03785202,Hardcode_RSA,SIML_PRJNF80_GNVRv1.000_PRJMGF80B1A_SECU0.xml,35829005379036,1
0164,358290053790379,EVT,1CE1921B28CE,1CE1921C28CE,GLA2F00164000,PVK_File_Not_Used.bin,C09616944429B8792B87FE6EFB88595E,03785202,Hardcode_RSA,SIML_PRJNF80_GNVRv1.000_PRJMGF80B1A_SECU0.xml,35829005379037,9
0165,358290053790387,EVT,1CE1921B28CF,1CE1921C28CF,GLA2F00165000,PVK_File_Not_Used.bin,C09616944429B8792B87FE6EFB88595E,03785202,Hardcode_RSA,SIML_PRJNF80_GNVRv1.000_PRJMGF80B1A_SECU0.xml,35829005379038,7
0166,358290053790395,EVT,1CE1921B28D0,1CE1921C28D0,GLA2F00166000,PVK_File_Not_Used.bin,C09616944429B8792B87FE6EFB88595E,03785202,Hardcode_RSA,SIML_PRJNF80_GNVRv1.000_PRJMGF80B1A_SECU0.xml,35829005379039,5
0167,358290053790403,EVT,1CE1921B28D1,1CE1921C28D1,GLA2F00167000,PVK_File_Not_Used.bin,C09616944429B8792B87FE6EFB88595E,03785202,Hardcode_RSA,SIML_PRJNF80_GNVRv1.000_PRJMGF80B1A_SECU0.xml,35829005379040,3
0168,358290053790411,EVT,1CE1921B28D2,1CE1921C28D2,GLA2F00168000,PVK_File_Not_Used.bin,C09616944429B8792B87FE6EFB88595E,03785202,Hardcode_RSA,SIML_PRJNF80_GNVRv1.000_PRJMGF80B1A_SECU0.xml,35829005379041,1
0169,358290053790429,EVT,1CE1921B28D3,1CE1921C28D3,GLA2F00169000,PVK_File_Not_Used.bin,C09616944429B8792B87FE6EFB88595E,03785202,Hardcode_RSA,SIML_PRJNF80_GNVRv1.000_PRJMGF80B1A_SECU0.xml,35829005379042,9
0170,358290053790437,EVT,1CE1921B28D4,1CE1921C28D4,GLA2F00170000,PVK_File_Not_Used.bin,C09616944429B8792B87FE6EFB88595E,03785202,Hardcode_RSA,SIML_PRJNF80_GNVRv1.000_PRJMGF80B1A_SECU0.xml,35829005379043,7
0171,358290053790445,EVT,1CE1921B28D5,1CE1921C28D5,GLA2F00171000,PVK_File_Not_Used.bin,C09616944429B8792B87FE6EFB88595E,03785202,Hardcode_RSA,SIML_PRJNF80_GNVRv1.000_PRJMGF80B1A_SECU0.xml,35829005379044,5
0172,358290053790452,EVT,1CE1921B28D6,1CE1921C28D6,GLA2F00172000,PVK_File_Not_Used.bin,C09616944429B8792B87FE6EFB88595E,03785202,Hardcode_RSA,SIML_PRJNF80_GNVRv1.000_PRJMGF80B1A_SECU0.xml,35829005379045,2
0173,358290053790460,EVT,1CE1921B28D7,1CE1921C28D7,GLA2F00173000,PVK_File_Not_Used.bin,C09616944429B8792B87FE6EFB88595E,03785202,Hardcode_RSA,SIML_PRJNF80_GNVRv1.000_PRJMGF80B1A_SECU0.xml,35829005379046,0
0174,358290053790478,EVT,1CE1921B28D8,1CE1921C28D8,GLA2F00174000,PVK_File_Not_Used.bin,C09616944429B8792B87FE6EFB88595E,03785202,Hardcode_RSA,SIML_PRJNF80_GNVRv1.000_PRJMGF80B1A_SECU0.xml,35829005379047,8
0175,358290053790486,EVT,1CE1921B28D9,1CE1921C28D9,GLA2F00175000,PVK_File_Not_Used.bin,C09616944429B8792B87FE6EFB88595E,03785202,Hardcode_RSA,SIML_PRJNF80_GNVRv1.000_PRJMGF80B1A_SECU0.xml,35829005379048,6
0176,358290053790494,EVT,1CE1921B28DA,1CE1921C28DA,GLA2F00176000,PVK_File_Not_Used.bin,C09616944429B8792B87FE6EFB88595E,03785202,Hardcode_RSA,SIML_PRJNF80_GNVRv1.000_PRJMGF80B1A_SECU0.xml,35829005379049,4
0177,358290053790502,EVT,1CE1921B28DB,1CE1921C28DB,GLA2F00177000,PVK_File_Not_Used.bin,C09616944429B8792B87FE6EFB88595E,03785202,Hardcode_RSA,SIML_PRJNF80_GNVRv1.000_PRJMGF80B1A_SECU0.xml,35829005379050,2
0178,358290053790510,EVT,1CE1921B28DC,1CE1921C28DC,GLA2F00178000,PVK_File_Not_Used.bin,C09616944429B8792B87FE6EFB88595E,03785202,Hardcode_RSA,SIML_PRJNF80_GNVRv1.000_PRJMGF80B1A_SECU0.xml,35829005379051,0
0179,358290053790528,EVT,1CE1921B28DD,1CE1921C28DD,GLA2F00179000,PVK_File_Not_Used.bin,C09616944429B8792B87FE6EFB88595E,03785202,Hardcode_RSA,SIML_PRJNF80_GNVRv1.000_PRJMGF80B1A_SECU0.xml,35829005379052,8
0180,358290053790536,EVT,1CE1921B28DE,1CE1921C28DE,GLA2F00180000,PVK_File_Not_Used.bin,C09616944429B8792B87FE6EFB88595E,03785202,Hardcode_RSA,SIML_PRJNF80_GNVRv1.000_PRJMGF80B1A_SECU0.xml,35829005379053,6
0181,358290053790544,EVT,1CE1921B28DF,1CE1921C28DF,GLA2F00181000,PVK_File_Not_Used.bin,C09616944429B8792B87FE6EFB88595E,03785202,Hardcode_RSA,SIML_PRJNF80_GNVRv1.000_PRJMGF80B1A_SECU0.xml,35829005379054,4
0182,358290053790551,EVT,1CE1921B28E0,1CE1921C28E0,GLA2F00182000,PVK_File_Not_Used.bin,C09616944429B8792B87FE6EFB88595E,03785202,Hardcode_RSA,SIML_PRJNF80_GNVRv1.000_PRJMGF80B1A_SECU0.xml,35829005379055,1
0183,358290053790569,EVT,1CE1921B28E1,1CE1921C28E1,GLA2F00183000,PVK_File_Not_Used.bin,C09616944429B8792B87FE6EFB88595E,03785202,Hardcode_RSA,SIML_PRJNF80_GNVRv1.000_PRJMGF80B1A_SECU0.xml,35829005379056,9
0184,358290053790577,EVT,1CE1921B28E2,1CE1921C28E2,GLA2F00184000,PVK_File_Not_Used.bin,C09616944429B8792B87FE6EFB88595E,03785202,Hardcode_RSA,SIML_PRJNF80_GNVRv1.000_PRJMGF80B1A_SECU0.xml,35829005379057,7
0185,358290053790585,EVT,1CE1921B28E3,1CE1921C28E3,GLA2F00185000,PVK_File_Not_Used.bin,C09616944429B8792B87FE6EFB88595E,03785202,Hardcode_RSA,SIML_PRJNF80_GNVRv1.000_PRJMGF80B1A_SECU0.xml,35829005379058,5
0186,358290053790593,EVT,1CE1921B28E4,1CE1921C28E4,GLA2F00186000,PVK_File_Not_Used.bin,C09616944429B8792B87FE6EFB88595E,03785202,Hardcode_RSA,SIML_PRJNF80_GNVRv1.000_PRJMGF80B1A_SECU0.xml,35829005379059,3
0187,358290053790601,EVT,1CE1921B28E5,1CE1921C28E5,GLA2F00187000,PVK_File_Not_Used.bin,C09616944429B8792B87FE6EFB88595E,03785202,Hardcode_RSA,SIML_PRJNF80_GNVRv1.000_PRJMGF80B1A_SECU0.xml,35829005379060,1
0188,358290053790619,EVT,1CE1921B28E6,1CE1921C28E6,GLA2F00188000,PVK_File_Not_Used.bin,C09616944429B8792B87FE6EFB88595E,03785202,Hardcode_RSA,SIML_PRJNF80_GNVRv1.000_PRJMGF80B1A_SECU0.xml,35829005379061,9
0189,358290053790627,EVT,1CE1921B28E7,1CE1921C28E7,GLA2F00189000,PVK_File_Not_Used.bin,C09616944429B8792B87FE6EFB88595E,03785202,Hardcode_RSA,SIML_PRJNF80_GNVRv1.000_PRJMGF80B1A_SECU0.xml,35829005379062,7
0190,358290053790635,EVT,1CE1921B28E8,1CE1921C28E8,GLA2F00190000,PVK_File_Not_Used.bin,C09616944429B8792B87FE6EFB88595E,03785202,Hardcode_RSA,SIML_PRJNF80_GNVRv1.000_PRJMGF80B1A_SECU0.xml,35829005379063,5
0191,358290053790643,EVT,1CE1921B28E9,1CE1921C28E9,GLA2F00191000,PVK_File_Not_Used.bin,C09616944429B8792B87FE6EFB88595E,03785202,Hardcode_RSA,SIML_PRJNF80_GNVRv1.000_PRJMGF80B1A_SECU0.xml,35829005379064,3
0192,358290053790650,EVT,1CE1921B28EA,1CE1921C28EA,GLA2F00192000,PVK_File_Not_Used.bin,C09616944429B8792B87FE6EFB88595E,03785202,Hardcode_RSA,SIML_PRJNF80_GNVRv1.000_PRJMGF80B1A_SECU0.xml,35829005379065,0
0193,358290053790668,EVT,1CE1921B28EB,1CE1921C28EB,GLA2F00193000,PVK_File_Not_Used.bin,C09616944429B8792B87FE6EFB88595E,03785202,Hardcode_RSA,SIML_PRJNF80_GNVRv1.000_PRJMGF80B1A_SECU0.xml,35829005379066,8
0194,358290053790676,EVT,1CE1921B28EC,1CE1921C28EC,GLA2F00194000,PVK_File_Not_Used.bin,C09616944429B8792B87FE6EFB88595E,03785202,Hardcode_RSA,SIML_PRJNF80_GNVRv1.000_PRJMGF80B1A_SECU0.xml,35829005379067,6
0195,358290053790684,EVT,1CE1921B28ED,1CE1921C28ED,GLA2F00195000,PVK_File_Not_Used.bin,C09616944429B8792B87FE6EFB88595E,03785202,Hardcode_RSA,SIML_PRJNF80_GNVRv1.000_PRJMGF80B1A_SECU0.xml,35829005379068,4
0196,358290053790692,EVT,1CE1921B28EE,1CE1921C28EE,GLA2F00196000,PVK_File_Not_Used.bin,C09616944429B8792B87FE6EFB88595E,03785202,Hardcode_RSA,SIML_PRJNF80_GNVRv1.000_PRJMGF80B1A_SECU0.xml,35829005379069,2
0197,358290053790700,EVT,1CE1921B28EF,1CE1921C28EF,GLA2F00197000,PVK_File_Not_Used.bin,C09616944429B8792B87FE6EFB88595E,03785202,Hardcode_RSA,SIML_PRJNF80_GNVRv1.000_PRJMGF80B1A_SECU0.xml,35829005379070,0
0198,358290053790718,EVT,1CE1921B28F0,1CE1921C28F0,GLA2F00198000,PVK_File_Not_Used.bin,C09616944429B8792B87FE6EFB88595E,03785202,Hardcode_RSA,SIML_PRJNF80_GNVRv1.000_PRJMGF80B1A_SECU0.xml,35829005379071,8
0199,358290053790726,EVT,1CE1921B28F1,1CE1921C28F1,GLA2F00199000,PVK_File_Not_Used.bin,C09616944429B8792B87FE6EFB88595E,03785202,Hardcode_RSA,SIML_PRJNF80_GNVRv1.000_PRJMGF80B1A_SECU0.xml,35829005379072,6
0199,358290053790734,EVT,1CE1921B28F2,1CE1921C28F2,GLA2F00200000,PVK_File_Not_Used.bin,C09616944429B8792B87FE6EFB88595E,03785202,Hardcode_RSA,SIML_PRJNF80_GNVRv1.000_PRJMGF80B1A_SECU0.xml,35829005379073,4
,,,,,,,,,,,,
,,,,,,,,,,,,
,,,,,,,,,,,,
,,,,,,,,,,,,
,,,,,,,,,,,,
,,,,,,,,,,,,
,,,,,,,,,,,,
,,,,,,,,,,,,
,,,,,,,,,,,,
,,,,,,,,,,,,
,,,,,,,,,,,,
,,,,,,,,,,,,
,,,,,,,,,,,,
,,,,,,,,,,,,
,,,,,,,,,,,,
,,,,,,,,,,,,
,,,,,,,,,,,,
,,,,,,,,,,,,
,,,,,,,,,,,,
,,,,,,,,,,,,
,,,,,,,,,,,,
,,,,,,,,,,,,
,,,,,,,,,,,,
,,,,,,,,,,,,
,,,,,,,,,,,,
,,,,,,,,,,,,
,,,,,,,,,,,,
,,,,,,,,,,,,
,,,,,,,,,,,,
,,,,,,,,,,,,
,,,,,,,,,,,,
,,,,,,,,,,,,
,,,,,,,,,,,,
,,,,,,,,,,,,
,,,,,,,,,,,,
,,,,,,,,,,,,
,,,,,,,,,,,,
,,,,,,,,,,,,
,,,,,,,,,,,,
,,,,,,,,,,,,
,,,,,,,,,,,,
,,,,,,,,,,,,
,,,,,,,,,,,,
,,,,,,,,,,,,
,,,,,,,,,,,,
,,,,,,,,,,,,
,,,,,,,,,,,,
,,,,,,,,,,,,
,,,,,,,,,,,,
,,,,,,,,,,,,
,,,,,,,,,,,,
,,,,,,,,,,,,
,,,,,,,,,,,,
,,,,,,,,,,,,
,,,,,,,,,,,,
,,,,,,,,,,,,
,,,,,,,,,,,,
,,,,,,,,,,,,
,,,,,,,,,,,,
,,,,,,,,,,,,
,,,,,,,,,,,,
,,,,,,,,,,,,
,,,,,,,,,,,,
,,,,,,,,,,,,
,,,,,,,,,,,,
,,,,,,,,,,,,
,,,,,,,,,,,,
,,,,,,,,,,,,
,,,,,,,,,,,,
,,,,,,,,,,,,
,,,,,,,,,,,,
,,,,,,,,,,,,
,,,,,,,,,,,,
,,,,,,,,,,,,
,,,,,,,,,,,,
,,,,,,,,,,,,
,,,,,,,,,,,,
,,,,,,,,,,,,
,,,,,,,,,,,,
,,,,,,,,,,,,
,,,,,,,,,,,,
,,,,,,,,,,,,
,,,,,,,,,,,,
,,,,,,,,,,,,
,,,,,,,,,,,,
,,,,,,,,,,,,
,,,,,,,,,,,,
,,,,,,,,,,,,
,,,,,,,,,,,,
,,,,,,,,,,,,
,,,,,,,,,,,,
,,,,,,,,,,,,
,,,,,,,,,,,,
,,,,,,,,,,,,
,,,,,,,,,,,,
,,,,,,,,,,,,
,,,,,,,,,,,,
,,,,,,,,,,,,
,,,,,,,,,,,,
,,,,,,,,,,,,
,,,,,,,,,,,,
,,,,,,,,,,,,
,,,,,,,,,,,,
,,,,,,,,,,,,
,,,,,,,,,,,,
,,,,,,,,,,,,
,,,,,,,,,,,,
,,,,,,,,,,,,
,,,,,,,,,,,,
,,,,,,,,,,,,
,,,,,,,,,,,,
,,,,,,,,,,,,
,,,,,,,,,,,,
,,,,,,,,,,,,
,,,,,,,,,,,,
,,,,,,,,,,,,
,,,,,,,,,,,,
,,,,,,,,,,,,
,,,,,,,,,,,,
,,,,,,,,,,,,
,,,,,,,,,,,,
,,,,,,,,,,,,
,,,,,,,,,,,,
,,,,,,,,,,,,
,,,,,,,,,,,,
,,,,,,,,,,,,
,,,,,,,,,,,,
,,,,,,,,,,,,
,,,,,,,,,,,,
,,,,,,,,,,,,
,,,,,,,,,,,,
,,,,,,,,,,,,
,,,,,,,,,,,,
,,,,,,,,,,,,
,,,,,,,,,,,,
,,,,,,,,,,,,
,,,,,,,,,,,,
,,,,,,,,,,,,
,,,,,,,,,,,,
,,,,,,,,,,,,
,,,,,,,,,,,,
,,,,,,,,,,,,
,,,,,,,,,,,,
,,,,,,,,,,,,
,,,,,,,,,,,,
,,,,,,,,,,,,
,,,,,,,,,,,,
,,,,,,,,,,,,
,,,,,,,,,,,,
,,,,,,,,,,,,
,,,,,,,,,,,,
,,,,,,,,,,,,
,,,,,,,,,,,,
,,,,,,,,,,,,
,,,,,,,,,,,,
,,,,,,,,,,,,
,,,,,,,,,,,,
,,,,,,,,,,,,
,,,,,,,,,,,,
,,,,,,,,,,,,
,,,,,,,,,,,,
,,,,,,,,,,,,
,,,,,,,,,,,,
,,,,,,,,,,,,
,,,,,,,,,,,,
,,,,,,,,,,,,
,,,,,,,,,,,,
,,,,,,,,,,,,
,,,,,,,,,,,,
,,,,,,,,,,,,
,,,,,,,,,,,,
,,,,,,,,,,,,
,,,,,,,,,,,,
,,,,,,,,,,,,
,,,,,,,,,,,,
,,,,,,,,,,,,
,,,,,,,,,,,,
,,,,,,,,,,,,
,,,,,,,,,,,,
,,,,,,,,,,,,
,,,,,,,,,,,,
,,,,,,,,,,,,
,,,,,,,,,,,,
,,,,,,,,,,,,
,,,,,,,,,,,,
,,,,,,,,,,,,
,,,,,,,,,,,,
,,,,,,,,,,,,
,,,,,,,,,,,,
,,,,,,,,,,,,
,,,,,,,,,,,,
,,,,,,,,,,,,
,,,,,,,,,,,,
,,,,,,,,,,,,
,,,,,,,,,,,,
,,,,,,,,,,,,
,,,,,,,,,,,,
,,,,,,,,,,,,
,,,,,,,,,,,,
,,,,,,,,,,,,
,,,,,,,,,,,,
,,,,,,,,,,,,
,,,,,,,,,,,,
,,,,,,,,,,,,
,,,,,,,,,,,,
,,,,,,,,,,,,
,,,,,,,,,,,,
,,,,,,,,,,,,
,,,,,,,,,,,,
,,,,,,,,,,,,
,,,,,,,,,,,,
,,,,,,,,,,,,
,,,,,,,,,,,,
,,,,,,,,,,,,
,,,,,,,,,,,,
,,,,,,,,,,,,
,,,,,,,,,,,,
,,,,,,,,,,,,
,,,,,,,,,,,,
,,,,,,,,,,,,
,,,,,,,,,,,,
,,,,,,,,,,,,
,,,,,,,,,,,,
,,,,,,,,,,,,
,,,,,,,,,,,,
,,,,,,,,,,,,
,,,,,,,,,,,,
,,,,,,,,,,,,
,,,,,,,,,,,,
,,,,,,,,,,,,
,,,,,,,,,,,,
,,,,,,,,,,,,
,,,,,,,,,,,,
,,,,,,,,,,,,
,,,,,,,,,,,,
,,,,,,,,,,,,
,,,,,,,,,,,,
,,,,,,,,,,,,
,,,,,,,,,,,,
,,,,,,,,,,,,
,,,,,,,,,,,,
,,,,,,,,,,,,
,,,,,,,,,,,,
,,,,,,,,,,,,
,,,,,,,,,,,,
,,,,,,,,,,,,
,,,,,,,,,,,,
,,,,,,,,,,,,
,,,,,,,,,,,,
,,,,,,,,,,,,
,,,,,,,,,,,,
,,,,,,,,,,,,
,,,,,,,,,,,,
,,,,,,,,,,,,
,,,,,,,,,,,,
,,,,,,,,,,,,
,,,,,,,,,,,,
,,,,,,,,,,,,
,,,,,,,,,,,,
,,,,,,,,,,,,
,,,,,,,,,,,,
,,,,,,,,,,,,
,,,,,,,,,,,,
,,,,,,,,,,,,
,,,,,,,,,,,,
,,,,,,,,,,,,
,,,,,,,,,,,,
,,,,,,,,,,,,
,,,,,,,,,,,,
,,,,,,,,,,,,
,,,,,,,,,,,,
,,,,,,,,,,,,
,,,,,,,,,,,,
,,,,,,,,,,,,
,,,,,,,,,,,,
,,,,,,,,,,,,
,,,,,,,,,,,,
,,,,,,,,,,,,
,,,,,,,,,,,,
,,,,,,,,,,,,
,,,,,,,,,,,,
,,,,,,,,,,,,
,,,,,,,,,,,,
,,,,,,,,,,,,
,,,,,,,,,,,,
,,,,,,,,,,,,
,,,,,,,,,,,,
,,,,,,,,,,,,
,,,,,,,,,,,,
,,,,,,,,,,,,
,,,,,,,,,,,,
,,,,,,,,,,,,
,,,,,,,,,,,,
,,,,,,,,,,,,
,,,,,,,,,,,,
,,,,,,,,,,,,
,,,,,,,,,,,,
,,,,,,,,,,,,
,,,,,,,,,,,,
,,,,,,,,,,,,
,,,,,,,,,,,,
,,,,,,,,,,,,
,,,,,,,,,,,,
,,,,,,,,,,,,
,,,,,,,,,,,,
,,,,,,,,,,,,
,,,,,,,,,,,,
,,,,,,,,,,,,
,,,,,,,,,,,,
,,,,,,,,,,,,
,,,,,,,,,,,,
,,,,,,,,,,,,
,,,,,,,,,,,,
,,,,,,,,,,,,
,,,,,,,,,,,,
,,,,,,,,,,,,
,,,,,,,,,,,,
,,,,,,,,,,,,
,,,,,,,,,,,,
,,,,,,,,,,,,
,,,,,,,,,,,,
,,,,,,,,,,,,
,,,,,,,,,,,,
,,,,,,,,,,,,
,,,,,,,,,,,,
,,,,,,,,,,,,
,,,,,,,,,,,,
,,,,,,,,,,,,
,,,,,,,,,,,,
,,,,,,,,,,,,
,,,,,,,,,,,,
,,,,,,,,,,,,
,,,,,,,,,,,,
,,,,,,,,,,,,
,,,,,,,,,,,,
,,,,,,,,,,,,
,,,,,,,,,,,,
,,,,,,,,,,,,
,,,,,,,,,,,,
,,,,,,,,,,,,
,,,,,,,,,,,,
,,,,,,,,,,,,
,,,,,,,,,,,,
,,,,,,,,,,,,
,,,,,,,,,,,,
,,,,,,,,,,,,
,,,,,,,,,,,,
,,,,,,,,,,,,
,,,,,,,,,,,,
,,,,,,,,,,,,
,,,,,,,,,,,,
,,,,,,,,,,,,
,,,,,,,,,,,,
,,,,,,,,,,,,
,,,,,,,,,,,,
,,,,,,,,,,,,
,,,,,,,,,,,,
,,,,,,,,,,,,
,,,,,,,,,,,,
,,,,,,,,,,,,
,,,,,,,,,,,,
,,,,,,,,,,,,
,,,,,,,,,,,,
,,,,,,,,,,,,
,,,,,,,,,,,,
,,,,,,,,,,,,
,,,,,,,,,,,,
,,,,,,,,,,,,
,,,,,,,,,,,,
,,,,,,,,,,,,
,,,,,,,,,,,,
,,,,,,,,,,,,
,,,,,,,,,,,,
,,,,,,,,,,,,
,,,,,,,,,,,,
,,,,,,,,,,,,
,,,,,,,,,,,,
,,,,,,,,,,,,
,,,,,,,,,,,,
,,,,,,,,,,,,
,,,,,,,,,,,,
,,,,,,,,,,,,
,,,,,,,,,,,,
,,,,,,,,,,,,
,,,,,,,,,,,,
,,,,,,,,,,,,
,,,,,,,,,,,,
,,,,,,,,,,,,
,,,,,,,,,,,,
,,,,,,,,,,,,
,,,,,,,,,,,,
,,,,,,,,,,,,
,,,,,,,,,,,,
,,,,,,,,,,,,
,,,,,,,,,,,,
,,,,,,,,,,,,
,,,,,,,,,,,,
,,,,,,,,,,,,
,,,,,,,,,,,,
,,,,,,,,,,,,
,,,,,,,,,,,,
,,,,,,,,,,,,
,,,,,,,,,,,,
,,,,,,,,,,,,
,,,,,,,,,,,,
,,,,,,,,,,,,
,,,,,,,,,,,,
,,,,,,,,,,,,
,,,,,,,,,,,,
,,,,,,,,,,,,
,,,,,,,,,,,,
,,,,,,,,,,,,
,,,,,,,,,,,,
,,,,,,,,,,,,
,,,,,,,,,,,,
,,,,,,,,,,,,
,,,,,,,,,,,,
,,,,,,,,,,,,
,,,,,,,,,,,,
,,,,,,,,,,,,
,,,,,,,,,,,,
,,,,,,,,,,,,
,,,,,,,,,,,,
,,,,,,,,,,,,
,,,,,,,,,,,,
,,,,,,,,,,,,
,,,,,,,,,,,,
,,,,,,,,,,,,
,,,,,,,,,,,,
,,,,,,,,,,,,
,,,,,,,,,,,,
,,,,,,,,,,,,
,,,,,,,,,,,,
,,,,,,,,,,,,
,,,,,,,,,,,,
,,,,,,,,,,,,
,,,,,,,,,,,,
,,,,,,,,,,,,
,,,,,,,,,,,,
,,,,,,,,,,,,
,,,,,,,,,,,,
,,,,,,,,,,,,
,,,,,,,,,,,,
,,,,,,,,,,,,
,,,,,,,,,,,,
,,,,,,,,,,,,
,,,,,,,,,,,,
,,,,,,,,,,,,
,,,,,,,,,,,,
,,,,,,,,,,,,
,,,,,,,,,,,,
,,,,,,,,,,,,
,,,,,,,,,,,,
,,,,,,,,,,,,
,,,,,,,,,,,,
,,,,,,,,,,,,
,,,,,,,,,,,,
,,,,,,,,,,,,
,,,,,,,,,,,,
,,,,,,,,,,,,
,,,,,,,,,,,,
,,,,,,,,,,,,
,,,,,,,,,,,,
,,,,,,,,,,,,
,,,,,,,,,,,,
,,,,,,,,,,,,
,,,,,,,,,,,,
,,,,,,,,,,,,
,,,,,,,,,,,,
,,,,,,,,,,,,
,,,,,,,,,,,,
,,,,,,,,,,,,
,,,,,,,,,,,,
,,,,,,,,,,,,
,,,,,,,,,,,,
,,,,,,,,,,,,
,,,,,,,,,,,,
,,,,,,,,,,,,
,,,,,,,,,,,,
,,,,,,,,,,,,
,,,,,,,,,,,,
,,,,,,,,,,,,
,,,,,,,,,,,,
,,,,,,,,,,,,
,,,,,,,,,,,,
,,,,,,,,,,,,
,,,,,,,,,,,,
,,,,,,,,,,,,
,,,,,,,,,,,,
,,,,,,,,,,,,
,,,,,,,,,,,,
,,,,,,,,,,,,
,,,,,,,,,,,,
,,,,,,,,,,,,
,,,,,,,,,,,,
,,,,,,,,,,,,
,,,,,,,,,,,,
,,,,,,,,,,,,
,,,,,,,,,,,,
,,,,,,,,,,,,
,,,,,,,,,,,,
,,,,,,,,,,,,
,,,,,,,,,,,,
,,,,,,,,,,,,
,,,,,,,,,,,,
,,,,,,,,,,,,
,,,,,,,,,,,,
,,,,,,,,,,,,
,,,,,,,,,,,,
,,,,,,,,,,,,
,,,,,,,,,,,,
,,,,,,,,,,,,
,,,,,,,,,,,,
,,,,,,,,,,,,
,,,,,,,,,,,,
,,,,,,,,,,,,
,,,,,,,,,,,,
,,,,,,,,,,,,
,,,,,,,,,,,,
,,,,,,,,,,,,
,,,,,,,,,,,,
,,,,,,,,,,,,
,,,,,,,,,,,,
,,,,,,,,,,,,
,,,,,,,,,,,,
,,,,,,,,,,,,
,,,,,,,,,,,,
,,,,,,,,,,,,
,,,,,,,,,,,,
,,,,,,,,,,,,
,,,,,,,,,,,,
,,,,,,,,,,,,
,,,,,,,,,,,,
,,,,,,,,,,,,
,,,,,,,,,,,,
,,,,,,,,,,,,
,,,,,,,,,,,,
,,,,,,,,,,,,
,,,,,,,,,,,,
,,,,,,,,,,,,
,,,,,,,,,,,,
,,,,,,,,,,,,
,,,,,,,,,,,,
,,,,,,,,,,,,
,,,,,,,,,,,,
,,,,,,,,,,,,
,,,,,,,,,,,,
,,,,,,,,,,,,
,,,,,,,,,,,,
,,,,,,,,,,,,
,,,,,,,,,,,,
,,,,,,,,,,,,
,,,,,,,,,,,,
,,,,,,,,,,,,
,,,,,,,,,,,,
,,,,,,,,,,,,
,,,,,,,,,,,,
,,,,,,,,,,,,
,,,,,,,,,,,,
,,,,,,,,,,,,
,,,,,,,,,,,,
,,,,,,,,,,,,
,,,,,,,,,,,,
,,,,,,,,,,,,
,,,,,,,,,,,,
,,,,,,,,,,,,
,,,,,,,,,,,,
,,,,,,,,,,,,
,,,,,,,,,,,,
,,,,,,,,,,,,
,,,,,,,,,,,,
,,,,,,,,,,,,
,,,,,,,,,,,,
,,,,,,,,,,,,
,,,,,,,,,,,,
,,,,,,,,,,,,
,,,,,,,,,,,,
,,,,,,,,,,,,
,,,,,,,,,,,,
,,,,,,,,,,,,
,,,,,,,,,,,,
,,,,,,,,,,,,
,,,,,,,,,,,,
,,,,,,,,,,,,
,,,,,,,,,,,,
,,,,,,,,,,,,
,,,,,,,,,,,,
,,,,,,,,,,,,
,,,,,,,,,,,,
,,,,,,,,,,,,
,,,,,,,,,,,,
,,,,,,,,,,,,
,,,,,,,,,,,,
,,,,,,,,,,,,
,,,,,,,,,,,,
,,,,,,,,,,,,
,,,,,,,,,,,,
,,,,,,,,,,,,
,,,,,,,,,,,,
,,,,,,,,,,,,
,,,,,,,,,,,,
,,,,,,,,,,,,
,,,,,,,,,,,,
,,,,,,,,,,,,
,,,,,,,,,,,,
,,,,,,,,,,,,
,,,,,,,,,,,,
,,,,,,,,,,,,
,,,,,,,,,,,,
,,,,,,,,,,,,
,,,,,,,,,,,,
,,,,,,,,,,,,
,,,,,,,,,,,,
,,,,,,,,,,,,
,,,,,,,,,,,,
,,,,,,,,,,,,
,,,,,,,,,,,,
,,,,,,,,,,,,
,,,,,,,,,,,,
,,,,,,,,,,,,
,,,,,,,,,,,,
,,,,,,,,,,,,
,,,,,,,,,,,,
,,,,,,,,,,,,
,,,,,,,,,,,,
,,,,,,,,,,,,
,,,,,,,,,,,,
,,,,,,,,,,,,
,,,,,,,,,,,,
,,,,,,,,,,,,
,,,,,,,,,,,,
,,,,,,,,,,,,
,,,,,,,,,,,,
,,,,,,,,,,,,
,,,,,,,,,,,,
,,,,,,,,,,,,
,,,,,,,,,,,,
,,,,,,,,,,,,
,,,,,,,,,,,,
,,,,,,,,,,,,
,,,,,,,,,,,,
,,,,,,,,,,,,
,,,,,,,,,,,,
,,,,,,,,,,,,
,,,,,,,,,,,,
,,,,,,,,,,,,
,,,,,,,,,,,,
,,,,,,,,,,,,
,,,,,,,,,,,,
,,,,,,,,,,,,
,,,,,,,,,,,,
,,,,,,,,,,,,
,,,,,,,,,,,,
,,,,,,,,,,,,
,,,,,,,,,,,,
,,,,,,,,,,,,
,,,,,,,,,,,,
,,,,,,,,,,,,
,,,,,,,,,,,,
,,,,,,,,,,,,
,,,,,,,,,,,,
,,,,,,,,,,,,
,,,,,,,,,,,,
,,,,,,,,,,,,
,,,,,,,,,,,,
,,,,,,,,,,,,
,,,,,,,,,,,,
,,,,,,,,,,,,
,,,,,,,,,,,,
,,,,,,,,,,,,
,,,,,,,,,,,,
,,,,,,,,,,,,
,,,,,,,,,,,,
,,,,,,,,,,,,
,,,,,,,,,,,,
,,,,,,,,,,,,
,,,,,,,,,,,,
,,,,,,,,,,,,
,,,,,,,,,,,,
,,,,,,,,,,,,
,,,,,,,,,,,,
,,,,,,,,,,,,
,,,,,,,,,,,,
,,,,,,,,,,,,
,,,,,,,,,,,,
,,,,,,,,,,,,
,,,,,,,,,,,,
,,,,,,,,,,,,
,,,,,,,,,,,,
,,,,,,,,,,,,
,,,,,,,,,,,,
,,,,,,,,,,,,
,,,,,,,,,,,,
,,,,,,,,,,,,
,,,,,,,,,,,,
,,,,,,,,,,,,
,,,,,,,,,,,,
,,,,,,,,,,,,
,,,,,,,,,,,,
,,,,,,,,,,,,
,,,,,,,,,,,,
,,,,,,,,,,,,
,,,,,,,,,,,,
,,,,,,,,,,,,
,,,,,,,,,,,,
,,,,,,,,,,,,
,,,,,,,,,,,,
,,,,,,,,,,,,
,,,,,,,,,,,,
,,,,,,,,,,,,
,,,,,,,,,,,,
,,,,,,,,,,,,
,,,,,,,,,,,,
,,,,,,,,,,,,
,,,,,,,,,,,,
,,,,,,,,,,,,
,,,,,,,,,,,,
,,,,,,,,,,,,
,,,,,,,,,,,,
,,,,,,,,,,,,
,,,,,,,,,,,,
,,,,,,,,,,,,
,,,,,,,,,,,,
,,,,,,,,,,,,
,,,,,,,,,,,,
,,,,,,,,,,,,
,,,,,,,,,,,,
,,,,,,,,,,,,
,,,,,,,,,,,,
,,,,,,,,,,,,
,,,,,,,,,,,,
,,,,,,,,,,,,
,,,,,,,,,,,,
,,,,,,,,,,,,
,,,,,,,,,,,,
,,,,,,,,,,,,
,,,,,,,,,,,,
,,,,,,,,,,,,
,,,,,,,,,,,,
,,,,,,,,,,,,
,,,,,,,,,,,,
,,,,,,,,,,,,
,,,,,,,,,,,,
,,,,,,,,,,,,
,,,,,,,,,,,,
,,,,,,,,,,,,
,,,,,,,,,,,,
,,,,,,,,,,,,
,,,,,,,,,,,,
,,,,,,,,,,,,
,,,,,,,,,,,,
,,,,,,,,,,,,
,,,,,,,,,,,,
,,,,,,,,,,,,
,,,,,,,,,,,,
,,,,,,,,,,,,
,,,,,,,,,,,,
,,,,,,,,,,,,
,,,,,,,,,,,,
,,,,,,,,,,,,
,,,,,,,,,,,,
,,,,,,,,,,,,
,,,,,,,,,,,,
,,,,,,,,,,,,
,,,,,,,,,,,,
,,,,,,,,,,,,
,,,,,,,,,,,,
,,,,,,,,,,,,
,,,,,,,,,,,,
,,,,,,,,,,,,
,,,,,,,,,,,,
,,,,,,,,,,,,
,,,,,,,,,,,,
,,,,,,,,,,,,
,,,,,,,,,,,,
,,,,,,,,,,,,
,,,,,,,,,,,,
,,,,,,,,,,,,
,,,,,,,,,,,,
,,,,,,,,,,,,
,,,,,,,,,,,,
,,,,,,,,,,,,
,,,,,,,,,,,,
,,,,,,,,,,,,
,,,,,,,,,,,,
,,,,,,,,,,,,
,,,,,,,,,,,,
,,,,,,,,,,,,
,,,,,,,,,,,,
,,,,,,,,,,,,
,,,,,,,,,,,,
,,,,,,,,,,,,
,,,,,,,,,,,,
,,,,,,,,,,,,
,,,,,,,,,,,,
,,,,,,,,,,,,
,,,,,,,,,,,,
,,,,,,,,,,,,
,,,,,,,,,,,,
,,,,,,,,,,,,
